{
	"class_name" : "PinholeCameraParameters",
	"extrinsic" : 
	[
		0.99372321355041537,
		-0.043960383897224224,
		-0.10286719350037944,
		0.0,
		-0.095307376478712971,
		0.14876620138492619,
		-0.98426882573524821,
		0.0,
		0.058571997061571221,
		0.98789478284537391,
		0.14364267884967558,
		0.0,
		-65.145260294542808,
		-656.36677970820256,
		834.79871935773588,
		1.0
	],
	"intrinsic" : 
	{
		"height" : 1080,
		"intrinsic_matrix" : 
		[
			935.30743608719376,
			0.0,
			0.0,
			0.0,
			935.30743608719376,
			0.0,
			959.5,
			539.5,
			1.0
		],
		"width" : 1920
	},
	"version_major" : 1,
	"version_minor" : 0
}